                  epoch,         train/box_loss,         train/cls_loss,         train/dfl_loss,   metrics/precision(B),      metrics/recall(B),       metrics/mAP50(B),    metrics/mAP50-95(B),           val/box_loss,           val/cls_loss,           val/dfl_loss,                 lr/pg0,                 lr/pg1,                 lr/pg2
                      1,                 1.8393,                 3.7927,                 1.7053,                 0.4763,                0.21982,                0.19606,                0.12893,                 1.5621,                 2.4736,                 1.5241,               0.070034,              0.0033296,              0.0033296
                      2,                 1.6368,                 2.8457,                  1.548,                0.50895,                0.30167,                0.31798,                0.20174,                 1.3495,                 2.2031,                 1.4633,               0.039968,              0.0065969,              0.0065969
                      3,                 1.6274,                 2.6526,                  1.534,                0.50375,                0.38369,                0.42861,                0.22369,                 1.4344,                 2.0699,                 1.4604,               0.009836,              0.0097983,              0.0097983
                      4,                 1.7581,                 2.7476,                 1.5981,                0.44525,                0.40586,                 0.4267,                0.22868,                 1.5079,                 2.2482,                 1.5109,               0.009703,               0.009703,               0.009703
                      5,                 1.7221,                 2.6611,                 1.5342,                0.49956,                0.41178,                0.46209,                 0.2771,                 1.4692,                 2.0763,                 1.4888,               0.009703,               0.009703,               0.009703
                      6,                 1.7265,                  2.548,                 1.5705,                 0.4326,                 0.4633,                0.44146,                0.24708,                  1.578,                 2.1783,                 1.5411,               0.009604,               0.009604,               0.009604
                      7,                 1.6706,                 2.4229,                 1.5525,                0.55621,                0.43642,                0.48569,                0.26686,                 1.5633,                 2.0935,                 1.6413,               0.009505,               0.009505,               0.009505
                      8,                 1.6383,                 2.3478,                 1.5307,                0.55792,                0.52211,                0.57342,                0.34008,                 1.3389,                 1.8504,                 1.3794,               0.009406,               0.009406,               0.009406
                      9,                 1.5984,                 2.2339,                 1.4974,                 0.5279,                0.49048,                  0.549,                 0.3248,                 1.3636,                 1.9233,                 1.4521,               0.009307,               0.009307,               0.009307
                     10,                 1.6059,                 2.2652,                 1.5165,                0.51886,                0.43306,                0.47406,                0.29699,                  1.382,                 1.9453,                 1.4385,               0.009208,               0.009208,               0.009208
                     11,                 1.5565,                 2.1803,                 1.4862,                0.59452,                0.54154,                0.61248,                 0.3315,                 1.3654,                 1.8106,                 1.4139,               0.009109,               0.009109,               0.009109
                     12,                 1.5265,                 2.1399,                 1.4519,                0.66948,                0.55866,                0.61841,                0.35644,                 1.3326,                 1.8401,                  1.395,                0.00901,                0.00901,                0.00901
                     13,                 1.4881,                  2.014,                 1.4349,                0.65485,                0.54609,                0.62062,                0.38342,                 1.3278,                 1.8539,                 1.3881,               0.008911,               0.008911,               0.008911
                     14,                 1.4639,                 1.9856,                 1.4303,                0.71261,                0.61078,                0.67245,                0.40986,                 1.3012,                 1.6042,                 1.3859,               0.008812,               0.008812,               0.008812
                     15,                  1.425,                 1.9397,                 1.4121,                0.75799,                0.58918,                0.68576,                 0.4289,                 1.2763,                 1.5435,                 1.3877,               0.008713,               0.008713,               0.008713
                     16,                 1.4225,                 1.8752,                 1.3905,                0.74645,                0.61457,                0.70623,                0.44293,                  1.237,                 1.5725,                 1.3554,               0.008614,               0.008614,               0.008614
                     17,                 1.4509,                 1.9314,                 1.4266,                0.73979,                0.62338,                0.70417,                 0.4298,                 1.2844,                 1.5275,                 1.3789,               0.008515,               0.008515,               0.008515
                     18,                 1.4109,                 1.8365,                 1.4183,                 0.7328,                0.54615,                0.67145,                0.41249,                  1.271,                 1.5238,                 1.3775,               0.008416,               0.008416,               0.008416
                     19,                 1.4178,                 1.8103,                 1.4027,                0.74541,                0.67204,                 0.7378,                0.47159,                 1.2273,                 1.4936,                 1.3606,               0.008317,               0.008317,               0.008317
                     20,                 1.3509,                 1.7348,                 1.3608,                0.75275,                0.66183,                0.75052,                0.49238,                 1.1913,                 1.3594,                 1.3373,               0.008218,               0.008218,               0.008218
                     21,                 1.3787,                 1.7468,                 1.3683,                0.74466,                0.67697,                0.73447,                0.48598,                 1.1937,                 1.3497,                  1.332,               0.008119,               0.008119,               0.008119
                     22,                 1.3728,                 1.7276,                 1.3815,                0.78003,                0.65067,                0.72369,                0.47265,                 1.2061,                 1.3457,                   1.33,                0.00802,                0.00802,                0.00802
                     23,                 1.3637,                 1.7017,                 1.3891,                0.74644,                0.71398,                0.75811,                0.49518,                 1.2083,                 1.3541,                 1.3365,               0.007921,               0.007921,               0.007921
                     24,                 1.3186,                  1.612,                 1.3376,                0.71219,                 0.7203,                0.75532,                0.47817,                 1.2037,                 1.2766,                 1.3355,               0.007822,               0.007822,               0.007822
                     25,                  1.337,                 1.6538,                 1.3422,                0.75716,                0.69862,                0.73641,                0.46708,                 1.1981,                 1.3946,                 1.3143,               0.007723,               0.007723,               0.007723
                     26,                  1.262,                 1.5695,                 1.3195,                0.73844,                0.67114,                0.74849,                0.49673,                 1.1866,                 1.2889,                 1.3493,               0.007624,               0.007624,               0.007624
                     27,                 1.2859,                 1.5635,                 1.3245,                0.79355,                0.67897,                0.77642,                0.50625,                 1.1706,                  1.248,                  1.306,               0.007525,               0.007525,               0.007525
                     28,                 1.2585,                 1.5194,                 1.3102,                0.82458,                0.73135,                0.79166,                0.51732,                 1.1811,                 1.2189,                  1.349,               0.007426,               0.007426,               0.007426
                     29,                 1.2729,                 1.5356,                 1.3094,                0.72175,                0.73525,                0.77339,                0.50452,                 1.1704,                  1.215,                 1.3103,               0.007327,               0.007327,               0.007327
                     30,                 1.2508,                 1.4807,                 1.2989,                0.81332,                0.68769,                 0.7912,                0.52462,                 1.1855,                 1.1638,                 1.3268,               0.007228,               0.007228,               0.007228
                     31,                 1.2117,                  1.441,                  1.283,                0.81005,                0.68311,                0.78328,                0.51932,                 1.1259,                 1.1769,                 1.2931,               0.007129,               0.007129,               0.007129
                     32,                 1.2644,                 1.4577,                 1.2977,                0.84867,                0.69191,                0.81693,                0.54458,                 1.1659,                 1.0487,                 1.3192,                0.00703,                0.00703,                0.00703
                     33,                 1.2291,                 1.4313,                 1.2947,                 0.8595,                0.70344,                0.82536,                0.54642,                 1.1714,                 1.0824,                 1.2996,               0.006931,               0.006931,               0.006931
                     34,                 1.2327,                 1.4296,                 1.2801,                    0.8,                0.69827,                0.81409,                0.54919,                 1.1431,                 1.0979,                 1.2778,               0.006832,               0.006832,               0.006832
                     35,                  1.253,                 1.4012,                 1.3079,                0.79608,                0.73271,                0.81548,                0.54551,                 1.1653,                 1.0899,                 1.3147,               0.006733,               0.006733,               0.006733
                     36,                  1.199,                  1.364,                  1.263,                0.80633,                0.75874,                0.83253,                0.56782,                 1.1292,                 1.0506,                 1.2991,               0.006634,               0.006634,               0.006634
                     37,                 1.1928,                 1.3659,                 1.2685,                0.78739,                0.74824,                0.80879,                0.54837,                  1.138,                 1.0724,                 1.3092,               0.006535,               0.006535,               0.006535
                     38,                 1.1765,                 1.3361,                 1.2674,                0.80856,                0.71938,                0.81271,                0.56009,                 1.1597,                 1.0264,                 1.3175,               0.006436,               0.006436,               0.006436
                     39,                 1.1726,                 1.2771,                  1.246,                0.77771,                0.72685,                0.82208,                0.56265,                 1.1312,                 1.0669,                 1.3229,               0.006337,               0.006337,               0.006337
                     40,                 1.1946,                 1.3216,                  1.264,                0.87475,                0.78716,                0.87902,                0.58731,                 1.1268,                0.95635,                 1.2911,               0.006238,               0.006238,               0.006238
                     41,                 1.1761,                 1.2655,                 1.2618,                0.79016,                0.77158,                0.82618,                0.57095,                 1.1056,                 1.0348,                 1.2655,               0.006139,               0.006139,               0.006139
                     42,                 1.1629,                 1.2792,                 1.2322,                0.87864,                0.69592,                0.82647,                0.56995,                 1.1367,                0.99844,                   1.27,                0.00604,                0.00604,                0.00604
                     43,                 1.1512,                 1.2658,                 1.2332,                0.81874,                0.74412,                0.83071,                0.56726,                 1.1069,                0.98562,                 1.2656,               0.005941,               0.005941,               0.005941
                     44,                 1.1398,                 1.2438,                  1.226,                0.84629,                0.76391,                0.84961,                0.58584,                 1.0985,                0.96154,                 1.2524,               0.005842,               0.005842,               0.005842
                     45,                 1.1448,                 1.1904,                 1.2333,                0.77387,                0.75266,                0.82517,                0.56611,                 1.1656,                0.97933,                 1.3308,               0.005743,               0.005743,               0.005743
                     46,                 1.1181,                 1.1897,                 1.2256,                0.85914,                0.73353,                 0.8341,                0.57168,                 1.1233,                 1.0217,                 1.2679,               0.005644,               0.005644,               0.005644
                     47,                 1.1196,                  1.202,                 1.2177,                0.79848,                0.79257,                0.85862,                0.59462,                 1.0702,                0.89293,                 1.2596,               0.005545,               0.005545,               0.005545
                     48,                 1.1112,                 1.1675,                  1.216,                0.81725,                0.75915,                0.84111,                0.59467,                 1.0892,                0.92301,                 1.2791,               0.005446,               0.005446,               0.005446
                     49,                 1.1283,                  1.198,                 1.2288,                0.83342,                0.74412,                0.85966,                0.58724,                 1.0878,                0.90516,                 1.2675,               0.005347,               0.005347,               0.005347
                     50,                 1.1185,                  1.181,                 1.2165,                0.86256,                0.79736,                0.87742,                0.61692,                 1.0358,                0.86168,                  1.216,               0.005248,               0.005248,               0.005248
                     51,                 1.0899,                  1.145,                 1.1977,                0.82712,                0.83671,                0.88373,                0.61064,                 1.0754,                0.81735,                 1.2499,               0.005149,               0.005149,               0.005149
                     52,                 1.0893,                  1.131,                 1.2023,                 0.8692,                0.80851,                 0.8881,                0.61622,                 1.0529,                0.86269,                 1.2391,                0.00505,                0.00505,                0.00505
                     53,                 1.1109,                  1.141,                 1.2215,                0.85456,                0.80398,                0.87377,                0.60472,                 1.0668,                0.83992,                 1.2356,               0.004951,               0.004951,               0.004951
                     54,                 1.0856,                 1.1205,                 1.1965,                0.85868,                0.81854,                0.88477,                0.60538,                 1.0491,                0.85229,                 1.2296,               0.004852,               0.004852,               0.004852
                     55,                 1.0835,                  1.099,                 1.1963,                0.87516,                0.78976,                0.88045,                0.61043,                 1.0462,                0.81887,                 1.2269,               0.004753,               0.004753,               0.004753
                     56,                 1.0765,                 1.1115,                 1.1904,                0.88897,                0.75894,                0.89089,                0.62459,                 1.0274,                0.85011,                 1.2094,               0.004654,               0.004654,               0.004654
                     57,                 1.0753,                 1.0554,                 1.1861,                0.86608,                0.80633,                0.87465,                0.61508,                 1.0314,                0.81434,                 1.2273,               0.004555,               0.004555,               0.004555
                     58,                 1.0364,                 1.0318,                 1.1777,                0.86202,                0.83657,                0.89238,                0.62369,                 1.0523,                0.82008,                 1.2313,               0.004456,               0.004456,               0.004456
                     59,                 1.0364,                 1.0196,                 1.1657,                0.88424,                 0.8033,                0.88754,                0.62358,                 1.0406,                0.80405,                 1.2357,               0.004357,               0.004357,               0.004357
                     60,                 1.0481,                 1.0216,                 1.1684,                0.86277,                0.80277,                0.89718,                0.63356,                 1.0402,                0.79944,                 1.2335,               0.004258,               0.004258,               0.004258
                     61,                 1.0502,                 1.0342,                 1.1735,                 0.8974,                0.81266,                0.90057,                 0.6262,                 1.0067,                0.78352,                 1.2127,               0.004159,               0.004159,               0.004159
                     62,                 1.0434,                 1.0261,                 1.1711,                0.88637,                0.82731,                0.89653,                0.63725,                 1.0102,                 0.7579,                 1.2166,                0.00406,                0.00406,                0.00406
                     63,                 1.0387,                0.98536,                   1.17,                0.88965,                0.86225,                0.90675,                0.65568,                 1.0006,                0.76094,                 1.2019,               0.003961,               0.003961,               0.003961
                     64,                 1.0028,                 1.0006,                 1.1446,                0.88649,                0.85305,                0.89859,                0.63805,                 1.0065,                0.76858,                 1.2091,               0.003862,               0.003862,               0.003862
                     65,                0.99912,                0.96042,                 1.1459,                0.90048,                0.82778,                0.89689,                0.64333,                0.99383,                0.78631,                 1.2041,               0.003763,               0.003763,               0.003763
                     66,                0.98754,                0.95969,                 1.1355,                0.89322,                0.84583,                0.90262,                0.63611,                0.99502,                0.78803,                 1.1941,               0.003664,               0.003664,               0.003664
                     67,                 1.0224,                0.97597,                 1.1596,                0.83939,                0.86574,                0.89836,                 0.6443,                0.98909,                0.75662,                 1.1797,               0.003565,               0.003565,               0.003565
                     68,                0.98648,                 0.9453,                 1.1284,                0.88386,                0.80591,                0.89198,                0.65439,                0.98719,                0.76749,                 1.1973,               0.003466,               0.003466,               0.003466
                     69,                0.99891,                0.94679,                 1.1435,                0.89231,                0.79393,                0.89233,                0.65699,                0.98526,                0.75014,                 1.1911,               0.003367,               0.003367,               0.003367
                     70,                 1.0002,                0.96302,                 1.1489,                0.87753,                0.82669,                0.89253,                0.64283,                 0.9978,                0.75038,                 1.1967,               0.003268,               0.003268,               0.003268
                     71,                0.97115,                0.90915,                 1.1325,                0.89827,                0.84501,                0.90198,                0.65041,                 1.0129,                0.76049,                 1.2118,               0.003169,               0.003169,               0.003169
                     72,                0.96848,                 0.8964,                  1.123,                0.87368,                0.87074,                   0.91,                0.65912,                 1.0023,                0.71186,                 1.2148,                0.00307,                0.00307,                0.00307
                     73,                0.97135,                0.90003,                 1.1325,                0.86409,                0.88152,                0.91829,                0.65384,                0.97738,                0.72332,                 1.1806,               0.002971,               0.002971,               0.002971
                     74,                0.95868,                0.88052,                 1.1212,                0.91058,                0.87168,                0.92053,                0.67242,                0.96349,                0.69986,                  1.177,               0.002872,               0.002872,               0.002872
                     75,                 0.9523,                0.86634,                 1.1194,                0.88366,                 0.8877,                0.91484,                0.66987,                0.96517,                0.69312,                 1.1796,               0.002773,               0.002773,               0.002773
                     76,                0.95234,                0.88376,                 1.1196,                0.89589,                0.86084,                 0.9205,                0.66776,                0.98663,                0.69543,                 1.1959,               0.002674,               0.002674,               0.002674
                     77,                0.94391,                0.87926,                 1.1153,                0.89022,                0.88227,                0.91857,                0.67847,                0.96765,                0.67074,                 1.1807,               0.002575,               0.002575,               0.002575
                     78,                0.94103,                0.85047,                 1.1101,                0.89627,                0.85147,                0.91843,                0.65869,                0.97808,                0.66937,                 1.1994,               0.002476,               0.002476,               0.002476
                     79,                0.95577,                0.90397,                 1.1125,                0.88493,                0.85979,                0.90861,                0.66502,                0.96558,                 0.6934,                 1.1921,               0.002377,               0.002377,               0.002377
                     80,                0.93623,                 0.8416,                 1.1056,                0.90892,                   0.84,                0.90609,                0.65848,                0.97123,                 0.7056,                 1.2009,               0.002278,               0.002278,               0.002278
                     81,                0.92122,                0.84284,                 1.0891,                0.89387,                0.86809,                0.91064,                0.66486,                0.96606,                0.69175,                  1.199,               0.002179,               0.002179,               0.002179
                     82,                0.92173,                0.83398,                 1.0935,                0.85685,                 0.8722,                0.90804,                0.67057,                0.95372,                0.69013,                 1.1876,                0.00208,                0.00208,                0.00208
                     83,                0.91302,                0.81813,                 1.0891,                0.89279,                0.86177,                0.91827,                0.67899,                0.94421,                0.66225,                 1.1904,               0.001981,               0.001981,               0.001981
                     84,                0.92238,                0.83379,                 1.1105,                0.90411,                0.84955,                0.91853,                0.67264,                0.95886,                 0.6662,                  1.207,               0.001882,               0.001882,               0.001882
                     85,                0.89572,                0.78727,                 1.0896,                0.90513,                0.86715,                0.91887,                0.66593,                0.95433,                0.65679,                 1.2006,               0.001783,               0.001783,               0.001783
                     86,                0.88645,                0.79024,                 1.0737,                 0.9269,                0.82907,                0.92039,                0.67903,                0.94992,                0.66045,                 1.2065,               0.001684,               0.001684,               0.001684
                     87,                0.90288,                0.79991,                 1.0882,                0.91628,                0.83316,                0.91175,                0.66868,                0.93403,                0.66632,                 1.1627,               0.001585,               0.001585,               0.001585
                     88,                0.87474,                0.80489,                 1.0734,                0.90926,                0.85477,                0.91825,                0.67953,                0.94119,                0.65519,                 1.1776,               0.001486,               0.001486,               0.001486
                     89,                0.89855,                0.80152,                 1.0936,                0.91577,                0.84548,                0.92405,                0.68137,                0.94489,                0.64954,                 1.1919,               0.001387,               0.001387,               0.001387
                     90,                0.88228,                0.77838,                 1.0774,                0.90586,                 0.8596,                0.91941,                0.67822,                0.94185,                0.63287,                 1.1901,               0.001288,               0.001288,               0.001288
                     91,                0.87279,                0.76536,                 1.0708,                0.92317,                0.84266,                0.92018,                0.68064,                0.93136,                0.62857,                 1.1817,               0.001189,               0.001189,               0.001189
                     92,                0.87005,                0.76308,                 1.0702,                0.89196,                0.86281,                0.91817,                0.67924,                0.93076,                 0.6292,                 1.1727,                0.00109,                0.00109,                0.00109
                     93,                0.85067,                0.74728,                 1.0635,                 0.8691,                0.89444,                0.92276,                0.67729,                0.93242,                0.61838,                 1.1749,               0.000991,               0.000991,               0.000991
                     94,                0.84218,                 0.7461,                 1.0543,                0.91161,                0.87344,                0.93031,                0.68731,                0.91934,                0.60756,                 1.1683,               0.000892,               0.000892,               0.000892
                     95,                0.86785,                 0.7612,                 1.0647,                0.92594,                0.87292,                0.93185,                0.69307,                0.92312,                0.61299,                 1.1692,               0.000793,               0.000793,               0.000793
                     96,                0.85756,                 0.7162,                 1.0628,                0.94509,                0.85229,                0.93139,                0.69373,                0.91661,                0.59155,                 1.1732,               0.000694,               0.000694,               0.000694
                     97,                0.84008,                0.73827,                 1.0449,                0.91121,                0.89398,                0.93497,                0.69457,                0.91687,                0.60534,                  1.168,               0.000595,               0.000595,               0.000595
                     98,                0.84138,                0.71325,                 1.0592,                0.89803,                0.89039,                 0.9317,                0.68988,                0.91229,                0.60976,                 1.1656,               0.000496,               0.000496,               0.000496
                     99,                0.85752,                0.73461,                 1.0644,                0.90519,                0.88825,                0.93294,                0.69224,                0.91358,                0.60877,                 1.1626,               0.000397,               0.000397,               0.000397
                    100,                0.83781,                0.71477,                 1.0535,                0.90679,                 0.8902,                0.93274,                0.69636,                 0.9106,                0.60884,                 1.1629,               0.000298,               0.000298,               0.000298
